record_id,platform,architecture,f1_bearer,observation_rank,dl_mbps
X86-MONO-FINAL,x86,monolithic,local,1,188.9
X86-MONO-FINAL,x86,monolithic,local,2,189.0
X86-MONO-FINAL,x86,monolithic,local,3,189.0
X86-MONO-FINAL,x86,monolithic,local,4,189.0
X86-MONO-FINAL,x86,monolithic,local,5,189.2
X86-MONO-FINAL,x86,monolithic,local,6,189.6
X86-MONO-FINAL,x86,monolithic,local,7,189.6
X86-MONO-FINAL,x86,monolithic,local,8,189.7
X86-MONO-FINAL,x86,monolithic,local,9,190.1
X86-MONO-FINAL,x86,monolithic,local,10,190.4
X86-MONO-FINAL,x86,monolithic,local,11,190.5
X86-MONO-FINAL,x86,monolithic,local,12,190.8
X86-MONO-FINAL,x86,monolithic,local,13,191.2
X86-MONO-FINAL,x86,monolithic,local,14,191.8
X86-MONO-FINAL,x86,monolithic,local,15,191.9
X86-MONO-FINAL,x86,monolithic,local,16,192.4
X86-MONO-FINAL,x86,monolithic,local,17,192.5
X86-MONO-FINAL,x86,monolithic,local,18,192.5
X86-MONO-FINAL,x86,monolithic,local,19,192.7
X86-MONO-FINAL,x86,monolithic,local,20,192.7
X86-ETH-FINAL,x86,split_tuned,Ethernet,1,96.2
X86-ETH-FINAL,x86,split_tuned,Ethernet,2,96.2
X86-ETH-FINAL,x86,split_tuned,Ethernet,3,96.3
X86-ETH-FINAL,x86,split_tuned,Ethernet,4,97.5
X86-ETH-FINAL,x86,split_tuned,Ethernet,5,97.6
X86-ETH-FINAL,x86,split_tuned,Ethernet,6,97.9
X86-ETH-FINAL,x86,split_tuned,Ethernet,7,97.9
X86-ETH-FINAL,x86,split_tuned,Ethernet,8,98.0
X86-ETH-FINAL,x86,split_tuned,Ethernet,9,98.6
X86-ETH-FINAL,x86,split_tuned,Ethernet,10,100.1
X86-ETH-FINAL,x86,split_tuned,Ethernet,11,100.4
X86-ETH-FINAL,x86,split_tuned,Ethernet,12,100.6
X86-ETH-FINAL,x86,split_tuned,Ethernet,13,100.9
X86-ETH-FINAL,x86,split_tuned,Ethernet,14,101.4
X86-ETH-FINAL,x86,split_tuned,Ethernet,15,101.5
X86-ETH-FINAL,x86,split_tuned,Ethernet,16,101.5
X86-ETH-FINAL,x86,split_tuned,Ethernet,17,101.9
X86-ETH-FINAL,x86,split_tuned,Ethernet,18,103.0
X86-ETH-FINAL,x86,split_tuned,Ethernet,19,103.8
X86-ETH-FINAL,x86,split_tuned,Ethernet,20,104.1
X86-GRE-FINAL,x86,split,Wi-Fi_GRE,1,50.7
X86-GRE-FINAL,x86,split,Wi-Fi_GRE,2,50.7
X86-GRE-FINAL,x86,split,Wi-Fi_GRE,3,50.8
X86-GRE-FINAL,x86,split,Wi-Fi_GRE,4,50.9
X86-GRE-FINAL,x86,split,Wi-Fi_GRE,5,51.1
X86-GRE-FINAL,x86,split,Wi-Fi_GRE,6,51.2
X86-GRE-FINAL,x86,split,Wi-Fi_GRE,7,51.5
X86-GRE-FINAL,x86,split,Wi-Fi_GRE,8,51.7
X86-GRE-FINAL,x86,split,Wi-Fi_GRE,9,51.9
X86-GRE-FINAL,x86,split,Wi-Fi_GRE,10,52.3
X86-GRE-FINAL,x86,split,Wi-Fi_GRE,11,52.3
X86-GRE-FINAL,x86,split,Wi-Fi_GRE,12,52.3
X86-GRE-FINAL,x86,split,Wi-Fi_GRE,13,52.4
X86-GRE-FINAL,x86,split,Wi-Fi_GRE,14,52.4
X86-GRE-FINAL,x86,split,Wi-Fi_GRE,15,52.5
X86-GRE-FINAL,x86,split,Wi-Fi_GRE,16,52.8
X86-GRE-FINAL,x86,split,Wi-Fi_GRE,17,52.9
X86-GRE-FINAL,x86,split,Wi-Fi_GRE,18,53.1
X86-GRE-FINAL,x86,split,Wi-Fi_GRE,19,53.3
X86-GRE-FINAL,x86,split,Wi-Fi_GRE,20,53.4
X86-QWG-FINAL,x86,split,5G_WireGuard,1,70.6
X86-QWG-FINAL,x86,split,5G_WireGuard,2,71.3
X86-QWG-FINAL,x86,split,5G_WireGuard,3,71.6
X86-QWG-FINAL,x86,split,5G_WireGuard,4,72.0
X86-QWG-FINAL,x86,split,5G_WireGuard,5,72.2
X86-QWG-FINAL,x86,split,5G_WireGuard,6,72.7
X86-QWG-FINAL,x86,split,5G_WireGuard,7,73.1
X86-QWG-FINAL,x86,split,5G_WireGuard,8,73.7
X86-QWG-FINAL,x86,split,5G_WireGuard,9,74.6
X86-QWG-FINAL,x86,split,5G_WireGuard,10,76.3
X86-QWG-FINAL,x86,split,5G_WireGuard,11,76.6
X86-QWG-FINAL,x86,split,5G_WireGuard,12,78.3
X86-QWG-FINAL,x86,split,5G_WireGuard,13,78.4
X86-QWG-FINAL,x86,split,5G_WireGuard,14,78.5
X86-QWG-FINAL,x86,split,5G_WireGuard,15,80.6
X86-QWG-FINAL,x86,split,5G_WireGuard,16,81.1
X86-QWG-FINAL,x86,split,5G_WireGuard,17,81.6
X86-QWG-FINAL,x86,split,5G_WireGuard,18,82.9
X86-QWG-FINAL,x86,split,5G_WireGuard,19,83.2
X86-QWG-FINAL,x86,split,5G_WireGuard,20,84.5
PI-ETH-FINAL,Raspberry_Pi_5,split,Ethernet,1,16.0
PI-ETH-FINAL,Raspberry_Pi_5,split,Ethernet,2,16.3
PI-ETH-FINAL,Raspberry_Pi_5,split,Ethernet,3,16.9
PI-ETH-FINAL,Raspberry_Pi_5,split,Ethernet,4,18.3
PI-ETH-FINAL,Raspberry_Pi_5,split,Ethernet,5,18.5
PI-ETH-FINAL,Raspberry_Pi_5,split,Ethernet,6,18.7
PI-ETH-FINAL,Raspberry_Pi_5,split,Ethernet,7,20.7
PI-ETH-FINAL,Raspberry_Pi_5,split,Ethernet,8,21.0
PI-ETH-FINAL,Raspberry_Pi_5,split,Ethernet,9,21.4
PI-ETH-FINAL,Raspberry_Pi_5,split,Ethernet,10,22.6
PI-ETH-FINAL,Raspberry_Pi_5,split,Ethernet,11,23.6
PI-ETH-FINAL,Raspberry_Pi_5,split,Ethernet,12,23.9
PI-ETH-FINAL,Raspberry_Pi_5,split,Ethernet,13,23.9
PI-ETH-FINAL,Raspberry_Pi_5,split,Ethernet,14,23.9
PI-ETH-FINAL,Raspberry_Pi_5,split,Ethernet,15,24.5
PI-ETH-FINAL,Raspberry_Pi_5,split,Ethernet,16,24.5
PI-ETH-FINAL,Raspberry_Pi_5,split,Ethernet,17,25.1
PI-ETH-FINAL,Raspberry_Pi_5,split,Ethernet,18,25.1
PI-ETH-FINAL,Raspberry_Pi_5,split,Ethernet,19,25.5
PI-ETH-FINAL,Raspberry_Pi_5,split,Ethernet,20,26.7
PI-GRE-FINAL,Raspberry_Pi_5,split,Wi-Fi_GRE,1,8.8
PI-GRE-FINAL,Raspberry_Pi_5,split,Wi-Fi_GRE,2,8.9
PI-GRE-FINAL,Raspberry_Pi_5,split,Wi-Fi_GRE,3,9.8
PI-GRE-FINAL,Raspberry_Pi_5,split,Wi-Fi_GRE,4,9.8
PI-GRE-FINAL,Raspberry_Pi_5,split,Wi-Fi_GRE,5,10.0
PI-GRE-FINAL,Raspberry_Pi_5,split,Wi-Fi_GRE,6,10.1
PI-GRE-FINAL,Raspberry_Pi_5,split,Wi-Fi_GRE,7,10.4
PI-GRE-FINAL,Raspberry_Pi_5,split,Wi-Fi_GRE,8,11.1
PI-GRE-FINAL,Raspberry_Pi_5,split,Wi-Fi_GRE,9,11.3
PI-GRE-FINAL,Raspberry_Pi_5,split,Wi-Fi_GRE,10,12.1
PI-GRE-FINAL,Raspberry_Pi_5,split,Wi-Fi_GRE,11,12.1
PI-GRE-FINAL,Raspberry_Pi_5,split,Wi-Fi_GRE,12,13.7
PI-GRE-FINAL,Raspberry_Pi_5,split,Wi-Fi_GRE,13,13.8
PI-GRE-FINAL,Raspberry_Pi_5,split,Wi-Fi_GRE,14,14.6
PI-GRE-FINAL,Raspberry_Pi_5,split,Wi-Fi_GRE,15,15.0
PI-GRE-FINAL,Raspberry_Pi_5,split,Wi-Fi_GRE,16,15.2
PI-GRE-FINAL,Raspberry_Pi_5,split,Wi-Fi_GRE,17,16.2
PI-GRE-FINAL,Raspberry_Pi_5,split,Wi-Fi_GRE,18,17.1
PI-GRE-FINAL,Raspberry_Pi_5,split,Wi-Fi_GRE,19,17.2
PI-GRE-FINAL,Raspberry_Pi_5,split,Wi-Fi_GRE,20,17.4
PI-QWG-FINAL,Raspberry_Pi_5,split,5G_WireGuard,1,46.5
PI-QWG-FINAL,Raspberry_Pi_5,split,5G_WireGuard,2,46.7
PI-QWG-FINAL,Raspberry_Pi_5,split,5G_WireGuard,3,47.0
PI-QWG-FINAL,Raspberry_Pi_5,split,5G_WireGuard,4,47.2
PI-QWG-FINAL,Raspberry_Pi_5,split,5G_WireGuard,5,47.2
PI-QWG-FINAL,Raspberry_Pi_5,split,5G_WireGuard,6,47.5
PI-QWG-FINAL,Raspberry_Pi_5,split,5G_WireGuard,7,47.7
PI-QWG-FINAL,Raspberry_Pi_5,split,5G_WireGuard,8,47.7
PI-QWG-FINAL,Raspberry_Pi_5,split,5G_WireGuard,9,47.7
PI-QWG-FINAL,Raspberry_Pi_5,split,5G_WireGuard,10,47.8
PI-QWG-FINAL,Raspberry_Pi_5,split,5G_WireGuard,11,47.8
PI-QWG-FINAL,Raspberry_Pi_5,split,5G_WireGuard,12,47.9
PI-QWG-FINAL,Raspberry_Pi_5,split,5G_WireGuard,13,47.9
PI-QWG-FINAL,Raspberry_Pi_5,split,5G_WireGuard,14,47.9
PI-QWG-FINAL,Raspberry_Pi_5,split,5G_WireGuard,15,48.1
PI-QWG-FINAL,Raspberry_Pi_5,split,5G_WireGuard,16,48.1
PI-QWG-FINAL,Raspberry_Pi_5,split,5G_WireGuard,17,48.1
PI-QWG-FINAL,Raspberry_Pi_5,split,5G_WireGuard,18,48.7
PI-QWG-FINAL,Raspberry_Pi_5,split,5G_WireGuard,19,49.1
PI-QWG-FINAL,Raspberry_Pi_5,split,5G_WireGuard,20,49.3
JETSON-ETH-FINAL,Jetson_Orin_Nano,split,Ethernet,1,8.4
JETSON-ETH-FINAL,Jetson_Orin_Nano,split,Ethernet,2,8.5
JETSON-ETH-FINAL,Jetson_Orin_Nano,split,Ethernet,3,8.7
JETSON-ETH-FINAL,Jetson_Orin_Nano,split,Ethernet,4,8.7
JETSON-ETH-FINAL,Jetson_Orin_Nano,split,Ethernet,5,9.0
JETSON-ETH-FINAL,Jetson_Orin_Nano,split,Ethernet,6,9.5
JETSON-ETH-FINAL,Jetson_Orin_Nano,split,Ethernet,7,9.6
JETSON-ETH-FINAL,Jetson_Orin_Nano,split,Ethernet,8,9.8
JETSON-ETH-FINAL,Jetson_Orin_Nano,split,Ethernet,9,9.8
JETSON-ETH-FINAL,Jetson_Orin_Nano,split,Ethernet,10,9.9
JETSON-ETH-FINAL,Jetson_Orin_Nano,split,Ethernet,11,10.2
JETSON-ETH-FINAL,Jetson_Orin_Nano,split,Ethernet,12,10.4
JETSON-ETH-FINAL,Jetson_Orin_Nano,split,Ethernet,13,10.7
JETSON-ETH-FINAL,Jetson_Orin_Nano,split,Ethernet,14,10.7
JETSON-ETH-FINAL,Jetson_Orin_Nano,split,Ethernet,15,11.2
JETSON-ETH-FINAL,Jetson_Orin_Nano,split,Ethernet,16,11.3
JETSON-ETH-FINAL,Jetson_Orin_Nano,split,Ethernet,17,11.5
JETSON-ETH-FINAL,Jetson_Orin_Nano,split,Ethernet,18,11.6
JETSON-ETH-FINAL,Jetson_Orin_Nano,split,Ethernet,19,11.6
JETSON-ETH-FINAL,Jetson_Orin_Nano,split,Ethernet,20,12.6
JETSON-GRE-FINAL,Jetson_Orin_Nano,split,Wi-Fi_GRE,1,7.1
JETSON-GRE-FINAL,Jetson_Orin_Nano,split,Wi-Fi_GRE,2,7.5
JETSON-GRE-FINAL,Jetson_Orin_Nano,split,Wi-Fi_GRE,3,7.5
JETSON-GRE-FINAL,Jetson_Orin_Nano,split,Wi-Fi_GRE,4,7.6
JETSON-GRE-FINAL,Jetson_Orin_Nano,split,Wi-Fi_GRE,5,7.6
JETSON-GRE-FINAL,Jetson_Orin_Nano,split,Wi-Fi_GRE,6,7.6
JETSON-GRE-FINAL,Jetson_Orin_Nano,split,Wi-Fi_GRE,7,7.6
JETSON-GRE-FINAL,Jetson_Orin_Nano,split,Wi-Fi_GRE,8,8.0
JETSON-GRE-FINAL,Jetson_Orin_Nano,split,Wi-Fi_GRE,9,8.1
JETSON-GRE-FINAL,Jetson_Orin_Nano,split,Wi-Fi_GRE,10,8.1
JETSON-GRE-FINAL,Jetson_Orin_Nano,split,Wi-Fi_GRE,11,8.3
JETSON-GRE-FINAL,Jetson_Orin_Nano,split,Wi-Fi_GRE,12,8.3
JETSON-GRE-FINAL,Jetson_Orin_Nano,split,Wi-Fi_GRE,13,8.4
JETSON-GRE-FINAL,Jetson_Orin_Nano,split,Wi-Fi_GRE,14,8.4
JETSON-GRE-FINAL,Jetson_Orin_Nano,split,Wi-Fi_GRE,15,8.5
JETSON-GRE-FINAL,Jetson_Orin_Nano,split,Wi-Fi_GRE,16,8.5
JETSON-GRE-FINAL,Jetson_Orin_Nano,split,Wi-Fi_GRE,17,8.7
JETSON-GRE-FINAL,Jetson_Orin_Nano,split,Wi-Fi_GRE,18,8.7
JETSON-GRE-FINAL,Jetson_Orin_Nano,split,Wi-Fi_GRE,19,8.8
JETSON-GRE-FINAL,Jetson_Orin_Nano,split,Wi-Fi_GRE,20,8.8
JETSON-QWG-FINAL,Jetson_Orin_Nano,split,5G_WireGuard,1,65.6
JETSON-QWG-FINAL,Jetson_Orin_Nano,split,5G_WireGuard,2,65.9
JETSON-QWG-FINAL,Jetson_Orin_Nano,split,5G_WireGuard,3,66.6
JETSON-QWG-FINAL,Jetson_Orin_Nano,split,5G_WireGuard,4,66.8
JETSON-QWG-FINAL,Jetson_Orin_Nano,split,5G_WireGuard,5,67.2
JETSON-QWG-FINAL,Jetson_Orin_Nano,split,5G_WireGuard,6,67.5
JETSON-QWG-FINAL,Jetson_Orin_Nano,split,5G_WireGuard,7,67.9
JETSON-QWG-FINAL,Jetson_Orin_Nano,split,5G_WireGuard,8,68.0
JETSON-QWG-FINAL,Jetson_Orin_Nano,split,5G_WireGuard,9,68.2
JETSON-QWG-FINAL,Jetson_Orin_Nano,split,5G_WireGuard,10,68.3
JETSON-QWG-FINAL,Jetson_Orin_Nano,split,5G_WireGuard,11,68.7
JETSON-QWG-FINAL,Jetson_Orin_Nano,split,5G_WireGuard,12,68.8
JETSON-QWG-FINAL,Jetson_Orin_Nano,split,5G_WireGuard,13,69.2
JETSON-QWG-FINAL,Jetson_Orin_Nano,split,5G_WireGuard,14,69.3
JETSON-QWG-FINAL,Jetson_Orin_Nano,split,5G_WireGuard,15,69.6
JETSON-QWG-FINAL,Jetson_Orin_Nano,split,5G_WireGuard,16,69.6
JETSON-QWG-FINAL,Jetson_Orin_Nano,split,5G_WireGuard,17,70.1
JETSON-QWG-FINAL,Jetson_Orin_Nano,split,5G_WireGuard,18,70.2
JETSON-QWG-FINAL,Jetson_Orin_Nano,split,5G_WireGuard,19,70.6
JETSON-QWG-FINAL,Jetson_Orin_Nano,split,5G_WireGuard,20,70.6
